{
  "r2": 0.3597365486355911,
  "mse": 3392.212924357617,
  "rmse": 58.24270704867363,
  "mae": 49.02562574599562
}