{
  "r2": 0.4794113060402251,
  "mse": 140.85990054507198,
  "rmse": 11.868441369660633,
  "mae": 9.605404838604924
}