{
  "accuracy": 0.375,
  "precision": 0.6841442139949602,
  "recall": 0.375,
  "f1_score": 0.3618000775895513
}