{
  "r2": 0.42480887066066253,
  "mse": 3047.449887640449,
  "rmse": 55.203712625515045,
  "mae": 42.777528089887646
}