{
  "accuracy": 0.5909090909090909,
  "precision": 0.5196560196560197,
  "recall": 0.5909090909090909,
  "f1_score": 0.5440976933514247,
  "roc_auc": 0.7875
}