{
  "r2": 0.5552501558654033,
  "mse": 185303.34928009377,
  "rmse": 430.4687552890381,
  "mae": 316.6686346539113
}