{
  "r2": 0.5369448936888093,
  "mse": 119.3205436416607,
  "rmse": 10.923394327847948,
  "mae": 7.90001647596112
}