{
  "r2": -3.7502670661913875,
  "mse": 25167.635762662725,
  "rmse": 158.64310814738448,
  "mae": 141.43703852506206
}