{
  "r2": 0.4960818238612015,
  "mse": 206500.6829637485,
  "rmse": 454.42346216249496,
  "mae": 317.2998582156589
}