{
  "r2": 0.5997321244428704,
  "mse": 0.5245146178314738,
  "rmse": 0.7242338143386249,
  "mae": 0.5222592972077785
}