{
  "accuracy": 0.9333333333333333,
  "precision": 0.9333333333333333,
  "recall": 0.9333333333333333,
  "f1_score": 0.9333333333333333,
  "roc_auc": 0.9791666666666666
}