{
  "r2": 0.2720741894089611,
  "mse": 3856.661406173277,
  "rmse": 62.10202417130441,
  "mae": 48.21240389455778
}