{
  "r2": 0.45090832876568543,
  "mse": 2909.170998045987,
  "rmse": 53.93673143643381,
  "mae": 43.033142232471
}