{
  "r2": 0.4969629015333811,
  "mse": 209588.51450388564,
  "rmse": 457.80838186285496,
  "mae": 319.7732729547011
}