{
  "accuracy": 0.804544756640565,
  "precision": 0.8071072164629013,
  "recall": 0.804544756640565,
  "f1_score": 0.7611960346009659,
  "roc_auc": 0.790224355667444
}