{
  "r2": 0.49550208446136645,
  "mse": 210197.15844092082,
  "rmse": 458.4726365236216,
  "mae": 319.86730650582695
}